<?xml version="1.0" encoding="UTF-8"?>
<!DOCTYPE mapper PUBLIC "-//mybatis.org//DTD Mapper 3.0//EN" "http://mybatis.org/dtd/mybatis-3-mapper.dtd">
<mapper namespace="com.recruit.mapper.ApplicationMapper">

    <!-- 通用查询映射结果 -->
    <resultMap id="BaseResultMap" type="com.recruit.model.ApplicationDO">
        <id column="id" property="id" />
        <result column="create_time" property="createTime" />
        <result column="update_time" property="updateTime" />
        <result column="delete_time" property="deleteTime" />
        <result column="state" property="state" />
        <result column="apply_time" property="applyTime" />
        <result column="resume_id" property="resumeId" />
        <result column="position_id" property="positionId" />
        <result column="user_id" property="userId" />
        <result column="hr_id" property="hrId" />
    </resultMap>

    <resultMap id="ApplicationResultMap" type="com.recruit.model.result.ApplicationResultDO">
        <id column="id" property="id" />
        <result column="create_time" property="createTime" />
        <result column="update_time" property="updateTime" />
        <result column="delete_time" property="deleteTime" />
        <result column="state" property="state" />
        <result column="apply_time" property="applyTime" />
        <result column="resume_id" property="resumeId" />
        <result column="position_id" property="positionId" />
        <result column="user_id" property="userId" />
        <result column="hr_id" property="hrId" />
        <result column="nickname" property="nickname" />
        <result column="email" property="email" />
        <result column="tel" property="tel" />
        <result column="title" property="title" />
        <result column="positionCity" property="position_city" />
        <result column="salaryDown" property="salary_down" />
        <result column="salaryUp" property="salary_up" />
        <result column="name" property="name" />
    </resultMap>

    <select id="getByHrId" resultMap="ApplicationResultMap">
        select a.*,u.*,r.*,p.*,c.*,c.city position_city
        from application a
                 LEFT JOIN  user u on a.user_id = u.id
                 LEFT JOIN  resume r on a.resume_id = r.id
                 LEFT JOIN  position p on a.position_id = p.id
                 LEFT JOIN  company c on  p.company_id=c.id
        where a.delete_time is null and a.hr_id = #{hrID} and a.state = #{state}
    </select>

    <update id="updateState">
        update application set state = #{state} where id = #{id}
    </update>

    <select id="sortByGrade" resultMap="ApplicationResultMap">
        select a.*,u.nickname,u.email,p.title
	        from user u, application a, position p,resume r
	        where a.user_id = u.id and a.resume_id = r.id and a.position_id = p.id
	        and a.delete_time is null and a.hr_id = #{hrID}
	        ORDER BY r.create_time desc
    </select>

    <select id="getByUserId" resultMap="ApplicationResultMap">
        select a.*,u.*,r.*,p.*,c.*,c.city position_city
        from application a
                 LEFT JOIN  user u on a.user_id = u.id
                 LEFT JOIN  resume r on a.resume_id = r.id
                 LEFT JOIN  position p on a.position_id = p.id
                 LEFT JOIN  company c on  p.company_id=c.id
        where a.user_id = #{userId}
          and a.delete_time is null
    </select>

</mapper>
