<?xml version="1.0" encoding="UTF-8"?>
<!DOCTYPE mapper PUBLIC "-//mybatis.org//DTD Mapper 3.0//EN" "http://mybatis.org/dtd/mybatis-3-mapper.dtd">
<mapper namespace="com.recruit.mapper.InterviewMapper">


    <resultMap id="InterviewResultMap" type="com.recruit.model.result.InterviewResultDO">
        <id column="id" property="id" />
        <result column="create_time" property="createTime" />
        <result column="update_time" property="updateTime" />
        <result column="delete_time" property="deleteTime" />
        <result column="status" property="status" />
        <result column="time" property="time" />
        <result column="resume_id" property="resumeId" />
        <result column="position_id" property="positionId" />
        <result column="user_id" property="userId" />
        <result column="hr_id" property="hrId" />
        <result column="nickname" property="nickname" />
        <result column="email" property="email" />
        <result column="tel" property="tel" />
        <result column="title" property="title" />
        <result column="address" property="address" />
        <result column="comments" property="comments" />
        <result column="name" property="name" />
        <result column="city" property="city" />
    </resultMap>

    <select id="getByHrId" resultMap="InterviewResultMap">
        select i.*,u.*,p.*
        from  interview i
                  LEFT JOIN user u ON i.user_id = u.id
                  LEFT JOIN resume r ON  i.resume_id = r.id
                  LEFT JOIN position p ON  i.position_id = p.id
        WHERE i.delete_time is null and i.hr_id = #{hrID}
    </select>

    <select id="getByUserId" resultMap="InterviewResultMap">
        select i.*,u.*,p.*,c.name name
        from  interview i
                  LEFT JOIN user u ON i.user_id = u.id
                  LEFT JOIN resume r ON  i.resume_id = r.id
                  LEFT JOIN position p ON  i.position_id = p.id
                  LEFT JOIN company c on p.company_id=c.id
        WHERE i.delete_time is null and i.user_id = #{userId}
        <if test="#{}">

        </if>
    </select>
</mapper>
